ID,Type,SKU,Name,Published,"Is featured?","Visibility in catalog","Short description",Description,"Date sale price starts","Date sale price ends","Tax status","Tax class","In stock?",Stock,"Low stock amount","Backorders allowed?","Sold individually?","Weight (kg)","Length (cm)","Width (cm)","Height (cm)","Allow customer reviews?","Purchase note","Sale price","Regular price",Categories,Tags,"Shipping class",Images,"Download limit","Download expiry days",Parent,"Grouped products",Upsells,Cross-sells,"External URL","Button text",Position
659,simple,01,"Paket Aktivitas ALBARQY",1,0,visible,"Paket Aktifitas Belajar Cepat Mengaji Al-Barqy ini melatih kreatifitas si kecil sambil belajar. ","Paket Aktifitas Belajar Cepat Mengaji Al-Barqy ini tidak hanya mudah, cepat, menyenangkan, anti lupa tapi ini juga melatih kreatifitas si kecil sambil belajar. \n\nPaket ini terdiri dari : \nLembar Menempel \nLembar Melingkari\nLembar Mewarnai \nLembar Menggunting Dan Mencocok\nLembar Menggunting Puzzle Kubus\nUlar Tangga AL BARQY\n\nSetiap pembelian paket ini akan mendapatkan ""Free Tas"" cocok untuk menyimpan semua paket aktifitas diatas.\n",,,taxable,,1,,,0,0,1,,,,1,,,103000,"al-barqy, metodemembaca, puzzle",,,https://penaameen.com/wp-content/uploads/2019/01/aktivitas.jpg,,,,,,,,,0
661,simple,02,"Paket FlashCard ALBARQY",1,0,visible,"Paket Flashcard ALBARQY ini Memudahkan anak - anak untuk belajar mengaji dan mengerti lebih jelas tentang huruf hijaiyah","Paket Flashcard Al Barqy ini terdiri dari:\n- Huruf Hiyaiyah fathah isi 30 lembar\n- Huruf Hiyaiyah Kasroh isi 30 lembar\n- Huruf Hiyaiyah Dhommah isi 30 lembar\n- Huruf Hiyaiyah bacaan tanwin fathatain isi 30 lembar\n- Huruf Hiyaiyah bacaan tanwin kasrotain isi 30 lembar\n- Huruf Hiyaiyah bacaan tanwin Dhommatain isi 30 lembar\n- Huruf Hiyaiyah bacaan panjang fathah isi 30 lembar\n- Huruf Hiyaiyah bacaan panjang kasroh isi 30 lembar\n- Huruf Hiyaiyah bacaan panjang dhommah isi 30 lembar\n- Total 9 set flashcard (isi 270 lembar flashcard)\n- Free Tas Produk\n\n-Memudahkan anak - anak untuk belajar mengaji dan mengerti lebih jelas tentang huruf hijaiyah\n",,,taxable,,1,,,0,0,1,,,,1,,,378000,"al-barqy, flashcard, metodemembaca",,,https://penaameen.com/wp-content/uploads/2019/01/flashcard.jpg,,,,,,,,,0
663,simple,03,"Paket Poster ALBARQY",1,0,visible,"Paket Poster Belajar Cepat Mengaji Al-Barqy ini melatih kreatifitas si kecil sambil belajar dan bisa di tempel di dinding.","Belajar sambil bermain dengan poster AL Barqy, dilengkapi dengan doa-doa dan CD lagu.\nBisa di tempel di dinding sehingga bisa dibuat hiasa dinding.\nSambil bersantai anak bisa belajar menghafal huruf hijjayyah dan doa-doa.\n(Paket Poster berisi 11 Poster + CD Lagu)\n",,,taxable,,1,,,0,0,1,,,,1,,,160000,"al-barqy, metodemembaca, poster",,,https://penaameen.com/wp-content/uploads/2019/01/poster.jpg,,,,,,,,,0
665,simple,04,"Paket Home Learning ALBARQY",1,0,visible,"Paket Home Learning Al-Barqy melatih mengeja dan menghafalkan huruf. Cocok bagi Guru,Orangtua dan Anak-anak","Paket Lengkap Home Learning Buku Belajar Membaca Al Qur'an Metode Al Barqy menggunakan metode cepat, mudah, menyenangkan, anti lupa tanpa mengeja dan menghafalkan huruf.\nPaket Home Learning cocok untuk Guru, Orang tua dan juga anak - anak. Paket ini berisi :\n1. Paket Modul Al Barqy (Buku + CD Animasi)\n2. Buku LKS Al Barqy\n3. Flashcard Al Barqy\n4. Alat Peraga Al Barqy berbahan ukuran A3+, Full Colour\n5. Paket Aktifitas (Mewarnai, Melingkari, Mencocok, Puzzle Box, Menempel, dan Ular Tangga)\n6. CD Latihan Qiro'ah Al Barqy\n7. Paket poster Al Barqy",,,taxable,,1,,,0,0,1,,,,1,,,966000,"al-barqy, CD, flashcard, metodemembaca, poster, puzzle",,,https://penaameen.com/wp-content/uploads/2019/01/home-learning.jpg,,,,,,,,,0
667,simple,05,"Paket ALBARQY 200 Menit",1,0,visible,"Paket ALBARQY 200 Menit sangat efektif untuk siswa SMP sampai dengan dewasa yang ingin belajar mengaji.","Buku Belajar Mengaji atau Membaca Al-Qur'an Al-Barqy dengan sistem 200 Menit untuk dewasa, sangat efektif untuk siswa SMP sampai dengan dewasa yang ingin belajar mengaji. Dengan menggunakan metode Al-Barqy cukup dengan 200 Menit dari Nol atau yang tidak bisa sama sekali sampai bisa. Buku ini dilengkapi dengan DVD Tutorial Pembelajaran Metode Al Barqy 200 Menit dan CD Qiro'ah.\n",,,taxable,,1,,,0,0,1,,,,1,,,250000,"al-barqy, metodemembaca",,,https://penaameen.com/wp-content/uploads/2019/01/albarqy200-menit.jpg,,,,,,,,,0
669,simple,06,"Paket ALBARQY 3",1,0,visible,"Paket AlBARQY Paket 3, belajar mengaji menjadi cepat, anti lupa dan menyenangkan cocok untuk pengajaran atau mengajar putra - putri dengan mudah dirumah.","Dengan metode Al Barqy, belajar mengaji menjadi cepat, anti lupa dan menyenangkan. Setelah paket buku Al-Barqy sebelumnya (Buku, LKS, CD Animasi dan CD Qiro'ah), kami juga ada paket lengkap Buku Al - Barqy yang terdiri dari :\n1. Buku Al-Barqy 8 jam\n2. LKS Al-Barqy\n3. CD Animasi\n4. CD Qiro'ah\n5. Alat Peraga Al-Barqy yang berukuran A2 (64cm x 48cm) terdiri dari 30 lembar, cocok untuk pengajaran atau mengajar putra - putri dengan mudah dirumah.",,,taxable,,1,,,0,0,1,,,,1,,,355000,"al-barqy, CD, metodemembaca",,,https://penaameen.com/wp-content/uploads/2019/01/Albarqy3.jpg,,,,,03,,,,0
671,simple,07,"Paket ALBARQY 2",1,0,visible,"Paket AlBARQY Paket 2, belajar mengaji menjadi cepat, anti lupa dan menyenangkan cocok untuk pengajaran atau mengajar putra – putri dengan mudah dirumah.","Metode Belajar Cepat membaca Al Qur'yang sudah diteliti dan dibandingkan dengan metode lain dan dinyatakan buku dan metode al barqy sebagai metode paling mudah dan efektif. Buku ini menggunakan metode yang aktual yaitu SAS (Struktur Analitik Sintetik) yang memudahkan murid belajar Al-Quran namun buku ini juga dapat diajarkan secara klasikal. Paket Hemat Al Barqy ini berisi :\n\n1. Al Barqy Metode Belajar Cepat Membaca Sistem 8 Jam\n2. CD Animasi Al Barqy\n3. LKS Menulis Huruf Hijaiyah lengkap dengan tajwidnya membantu putra - putri kita menulis arab dengan benar \n4. CD Qiro'ah berisi dari puluhan contoh qiroah yang baik\n\nBelajar mengaji untuk putra - putri anda menjadi lebih menyenangkan dan tidak membosankan.",,,taxable,,1,,,0,0,1,,,,1,,,105000,"al-barqy, CD, metodemembaca",,,https://penaameen.com/wp-content/uploads/2019/01/paket-2.jpg,,,,,,,,,0
673,simple,08,"Paket ALBARQY 1",1,0,visible,"Paket AlBARQY Paket 1, belajar mengaji menjadi cepat, anti lupa dan menyenangkan cocok untuk pengajaran atau mengajar putra – putri dengan mudah dirumah.","Metode Belajar Cepat membaca Al Qur'yang sudah diteliti dan dibandingkan dengan metode lain dan dinyatakan buku dan metode al barqy sebagai metode paling mudah dan efektif. Buku ini menggunakan metode yang aktual yaitu SAS (Struktur Analitik Sintetik) yang memudahkan murid belajar Al-Quran namun buku ini juga dapat diajarkan secara klasikal. Paket Hemat Al Barqy ini berisi :\n\n1. Al Barqy Metode Belajar Cepat Membaca Sistem 8 Jam\n2. CD Animasi Al Barqy\n3. LKS Menulis Huruf Hijaiyah lengkap dengan tajwidnya membantu putra - putri kita menulis arab dengan benar \n\nBelajar mengaji untuk putra - putri anda menjadi lebih menyenangkan dan tidak membosankan.",,,taxable,,1,,,0,0,1,,,,1,,,85000,"al-barqy, CD, metodemembaca",,,https://penaameen.com/wp-content/uploads/2019/01/paket-1.jpg,,,,,,,,,0
688,simple,09,"Paket Home Learning Buku Belajar Cepat Membaca ACM",1,0,visible,"Seri pembelajaran lengkap metode ACM untuk di rumah dan sekolah,memudahkan anak untuk belajar membaca","Paket Lengkap Home Learning Buku Belajar Membaca Metode ACM (Aku Cepat Membaca) menggunakan metode cepat, mudah, menyenangkan, anti lupa tanpa mengeja dan menghafalkan huruf.\nPaket Home Learning cocok untuk Guru, Orang tua dan juga anak - anak. Paket ini berisi :\n1. Paket Modul ACM (Buku + LKS ACM/Buku LAtihan Menulis ACM + CD Animasi)\n2. Buku ACM edisi ABK (Anak Berkebutuhan Khusus)\n3. Flashcard ACM \n4. Alat Peraga ACM berbahan ukuran A3+, Full Colour\n5. Paket Aktifitas (Mewarnai, Melingkari, Mencocok, Puzzle Box, Menempel, Ular Tangga dan Monopoli)\n",,,taxable,,1,,,0,0,1,,,,1,,,795000,"ACM, flashcard, metodemembaca",,,https://penaameen.com/wp-content/uploads/2019/02/home-learning.jpg,,,,,,,,,0
691,simple,10,"Alat Peraga Cepat Belajar Membaca Al Quran/Mengaji ALBARQY",1,0,visible,"Alat peraga ALBARQY, belajar mengaji menjadi cepat, anti lupa dan menyenangkan ","Sudah siapkah mengajar dengan Media Belajar Membaca Al Qur'an yang Menyenangkan untuk anak didik dan putra putri tercinta ?\nIngin putra/putri atau anak didik lebih memahami huruf Hijaiyah?\nIngin putra/putri atau anak didik belajar Membaca dengan Mudah & cepat faham ?\nGunakan produk dari kami ALAT PERAGA AL BarQY, Rasakan Kermudahannya dalam proses Belajar Mengajar!\n\n*ukuran: A3+, Bahan: Art Paper, Jilid Spiral, Halaman: 30 Lembar, Warna: Full Colour\n",,,taxable,,1,,,0,0,1,,,,1,,,250000,"al-barqy, metodemembaca",,,https://penaameen.com/wp-content/uploads/2019/02/ape-abq.jpg,,,,,,,,,0
694,simple,11,"Paket Buku Cepat Belajar Membaca Anak ACM 4",1,0,visible,"Paket ACM Paket 4, belajar membaca menjadi cepat, anti lupa dan menyenangkan cocok untuk pengajaran atau mengajar putra – putri dengan mudah dirumah.","Aku Cepat Membaca adalah Metode Cepat belajar membaca Latin yg dikenal karena Mudah, Cepat, Menyenangkan dan Anti Lupa. Cocok digunakan untuk pembelajaran di sekolah, lembaga, maupun belajar mandiri di rumah. Bisa digunakan oleh anak2 maupun orang dewasa.\n\nBuku Metode Belajar Cepat Membaca untuk anak-anak.\nPaket Lengkap terdiri dari :\n- Alat Peraga Metode ACM (Aku Cepat Membaca)\n- Buku ACM \n- CD Animasi ACM\n- LKS/Buku Latihan Menulis ACM\n- Buku ACM edisi ABK (Anak Berkebutuhan Khusus)",,,taxable,,1,,,0,0,1,,,,1,,,356000,"ACM, metodemembaca",,,https://penaameen.com/wp-content/uploads/2019/02/paket-4.jpg,,,,,,,,,0
696,simple,12,"Paket Buku Metode Belajar Membaca ACM 3",1,0,visible,"Paket ACM Paket 3, belajar membaca menjadi cepat, anti lupa dan menyenangkan cocok untuk pengajaran atau mengajar putra – putri dengan mudah dirumah.","Paket BukuBelajar Membaca 3 terdiri dari :\n- Buku ACM \n- CD Animasi ACM\n- LKS Latihan Menulis ACM\n- Buku ACM edisi ABK (Anak Berkebutuhan Khusus)",,,taxable,,1,,,0,0,1,,,,1,,,166000,"ACM, CD, metodemembaca",,,https://penaameen.com/wp-content/uploads/2019/02/paket-3.jpg,,,,,,,,,0
698,simple,13,"Paket Buku Cepat Belajar Membaca Anak ACM 2",1,0,visible,"Paket ACM Paket 2, belajar membaca menjadi cepat, anti lupa dan menyenangkan cocok untuk pengajaran atau mengajar putra – putri dengan mudah dirumah.","Aku Cepat Membaca adalah Metode Cepat belajar membaca Latin yg dikenal karena Mudah, Cepat, Menyenangkan dan Anti Lupa. Cocok digunakan untuk pembelajaran di sekolah, lembaga, maupun belajar mandiri di rumah. Bisa digunakan oleh anak2 maupun orang dewasa.\n\nBuku Metode Belajar Cepat Membaca untuk anak-anak.\nPaket BukuBelajar Membaca 1 terdiri dari :\n- Buku ACM \n- CD Animasi ACM\n- LKS ACM",,,taxable,,1,,,0,0,1,,,,1,,,90000,"ACM, CD, metodeACM, metodemembaca",,,https://penaameen.com/wp-content/uploads/2019/02/paket-2-acm.jpg,,,,,,,,,0
869,simple,,"Cinta (tak) Selamanya Indah",1,0,visible,"Buku ini menawarkan pandangan yang luas dan mendalam tentang cinta, dengan mengeksplorasi berbagai perspektif filosofis, psikologis, sosiologis, dan antropologis.","<strong>Penulis </strong>: Syahiduz Zaman\n<strong>ISBN </strong>: Dalam proses pengajuan ISBN\n<strong>Ukuran buku</strong> : 18 x 26 cm\n<strong>Link Tokopedia </strong>: https://www.tokopedia.com/penaameen/buku-novel-cinta-tak-selamanya-indah\n\n<strong>Sinopsis</strong>\nBuku ini menawarkan pandangan yang luas dan mendalam tentang cinta, dengan mengeksplorasi berbagai perspektif filosofis, psikologis, sosiologis, dan antropologis. Pembaca akan diperkenalkan pada berbagai jenis cinta, seperti cinta romantis, cinta sebagai tugas dan niat, cinta seksual, agape, dan cinta yang tidak tergantung pada kondisi. Buku ini juga akan mengeksplorasi bagaimana cinta memengaruhi individu, keluarga, masyarakat, dan bahkan dunia secara keseluruhan.\n\nSelain itu, buku ini juga akan menjelajahi pandangan-pandangan filsuf-filsuf dari masa lalu dan sekarang tentang cinta dan bagaimana pandangan mereka memengaruhi pandangan kita tentang cinta saat ini. Buku ini akan menyediakan pembaca dengan wawasan yang lebih luas tentang cinta dan bagaimana mengatasinya dalam kehidupan sehari-hari.\n\n""CINTA (tak) Selamanya Indah"" adalah buku yang wajib dibaca bagi siapa saja yang ingin memahami cinta dengan lebih baik dan mengatasi masalah yang muncul dari cinta. Buku ini akan menjadi sumber inspirasi dan wawas an yang luas bagi pembaca",,,taxable,,1,,,0,0,,,,,1,,,50000,Umum,,,"https://penaameen.com/wp-content/uploads/2023/02/Buku-Cinta-1.jpeg, https://penaameen.com/wp-content/uploads/2023/02/Buku-Cinta-2.jpg, https://penaameen.com/wp-content/uploads/2023/02/Buku-Cinta-1.jpeg",,,,,,,,,0
873,simple,,"Menambang Teks Al-Quran:  Upaya memaknai Al-Quran dengan pendekatan tekstual berbasis teknologi informasi",1,0,visible,"Menambang Teks Al-Quran: Upaya memaknai Al-Quran dengan pendekatan tekstual berbasis teknologi informasi"" adalah buku yang membahas tentang bagaimana teknologi informasi dapat membantu dalam memahami teks Al-Quran","<strong>Penulis </strong>: (1) Syahiduz Zaman (2) Suhartono\n<strong>ISBN </strong>: Dalam proses pengajuan ISBN\n<strong>Ukuran Buku</strong> : 18cm x 26 cm\n<strong>Tebal Buku</strong> : 221 Halaman\n<strong>Link Download</strong> :\n\n<strong>Sinopsis</strong>\n""Menambang Teks Al-Quran: Upaya memaknai Al-Quran dengan pendekatan tekstual berbasis teknologi informasi"" adalah buku yang membahas tentang bagaimana teknologi informasi dapat membantu dalam memahami teks Al-Quran. Buku ini ditulis oleh Syahiduz Zaman yang merupakan dosen di bidang teknologi informasi dan memiliki keahlian dalam menggabungkan teknologi informasi dan tafsir Al-Quran.\nDalam buku ini, penulis membahas tentang bagaimana teknik-teknik seperti topic modelling, analisis sentimen, dan teknik-teknik tekstual lainnya dapat digunakan untuk menambang informasi dari teks Al-Quran. Buku ini membahas tentang bagaimana teknik-teknik tersebut dapat membantu dalam memahami makna dan arti dari ayat-ayat Al-Quran.\nBuku ini juga membahas tentang bagaimana hasil dari penerapan teknik-teknik tersebut memengaruhi pendapat dan keyakinan para ulama dan ahli Al-Quran. Dalam buku ini, penulis juga memberikan diskusi tentang kelebihan dan kekurangan dari teknik-teknik tersebut dan bagaimana hasil analisis dapat digunakan untuk memahami teks Al-Quran.\n""Menambang Teks Al-Quran: Upaya memaknai Al-Quran dengan pendekatan tekstual berbasis teknologi informasi"" adalah buku yang sangat berguna bagi mereka yang ingin memahami teks Al-Quran dengan lebih baik melalui pendekatan tekstual dan teknologi informasi. Buku ini juga sangat berguna bagi para peneliti dan mahasiswa di bidang teknologi informasi dan tafsir Al-Quran.\n\n\n",,,taxable,,1,,,0,0,,,,,1,,,,Umum,,,https://penaameen.com/wp-content/uploads/2023/02/Menambang-Teks-Al-Quran-scaled.jpg,,,,,,,,,0
881,simple,,"Perspektif Hermeneutika dalam Sosiologi Hukum : Memahami Hukum sebagai Fenomena Sosial",1,0,visible,,"Penulis : Iffaty Nasyi’ah, M.H.\nISBN : Dalam proses pengajuan ISBN\nUkuran Buku : 15,5 cm x 23 cm\nTebal Buku : 385 Halaman\nHarga : Rp 125.000,-\n\nSinopsis :\nBuku ""Perspektif Hermeneutika dalam Sosiologi Hukum: Memahami Hukum sebagai Fenomena Sosial"" membahas secara terperinci penggunaan pendekatan hermeneutik dalam kajian sosiologi hukum. Buku ini terdiri dari empat belas bab yang membahas berbagai topik terkait dengan hermeneutik, termasuk konsep dasar, sejarah dan perkembangan pemikiran, penggunaan hermeneutik dalam memahami konflik hukum, pluralisme hukum, interaksi hukum dan budaya, pengembangan sistem hukum yang responsif, kritik terhadap pendekatan hermeneutik, perubahan sosial dan hukum, isu-isu kontemporer dalam sosiologi hukum, konstruksi sosial dalam sistem hukum, dan tantangan serta peluang dalam penggunaan hermeneutik dalam sosiologi hukum.\nBuku ini menekankan bahwa pendekatan hermeneutik dapat membantu para peneliti sosiologi hukum untuk memahami hukum sebagai sebuah fenomena sosial yang kompleks. Buku ini cocok bagi para mahasiswa, peneliti, dan praktisi hukum yang ingin mempelajari lebih lanjut tentang penggunaan pendekatan hermeneutik dalam bidang tersebut.\nBuku ini memberikan penjelasan yang luas dan terperinci tentang konsep dan penggunaan hermeneutik dalam kajian sosiologi hukum, dan dilengkapi dengan studi kasus yang membantu para pembaca memahami penerapan hermeneutik dalam kajian tersebut. Selain itu, buku ini juga membahas kritik dan tantangan dalam penggunaan hermeneutik dalam sosiologi hukum, sehingga membantu pembaca dalam memahami batasan dan potensi dari pendekatan hermeneutik.\nDengan membaca buku ini, pembaca dapat memperluas pemahaman mereka tentang hermeneutik dan memperkaya perspektif mereka dalam mengkaji hukum sebagai sebuah fenomena sosial. Buku ini sangat bermanfaat bagi mereka yang ingin mempelajari lebih lanjut tentang hermeneutik dan ingin menerapkannya dalam kajian sosiologi hukum, serta bagi praktisi hukum yang ingin memperdalam pemahaman mereka tentang hukum sebagai sebuah fenomena sosial yang kompleks.""",,,taxable,,1,,,0,0,,,,,1,,95000,125000,Umum,,,https://penaameen.com/wp-content/uploads/2023/04/Hermeneutika-1.jpg,,,,,,,,,0
888,simple,,"BETON MUTU TINGGI  RAMAH LINGKUNGAN",1,0,visible,,"<strong>Penulis :</strong> Prof Ridho Bayuaji\n<strong>ISBN :</strong> Dalam proses pengajuan ISBN\n<strong>Ukuran Buku :</strong> 18cm x 26 cm\n<strong>Tebal Buku :</strong> 144 Halaman\n\n\n<strong>Sinopsis</strong>\nMotivasi buku “Beton Mutu Tinggi Ramah Lingkungan”  ditulis sebagai partisipasi melayani perayaan pengetahuan material di teknik sipil. Apa keistimewaan buku ini, buku ini seri buku beton yang ke-4, hadir khusus mempersembahkan pengetahuan material terbaik dan sinerginya dalam kinerja kekuatan, keawetan dan nilai ekonomis. \n\nUniknya buku ini memperkenalkan pengetahuan kesadaran dalam menyaksikan keberlimpahan potensi sangat luas, ya benar pengetahuan menerima kehadiran Tuhan Yang Maha Esa Sempurna Lengkap Total atas karunia pengetahuan teknologi material mutu tinggi di bidang teknik sipil.\n\nBeton Mutu Tinggi kumpulan pengetahuan dengan menerima karakter terbaik material untuk beton dan yang terpenting kesadaran jiwa hadir memanen potensial aktual yang berkelimpahan di alam semesta.\nPotensi aktual tak terbatas di alam semesta pasti runtuh dan hadir terjolok dalam kehadiran Kesadaran Diri, seperti di QS At Talaq ayat 2-3 “Barangsiapa yang bertaqwa kepada Allah, niscaya diberi-Nya kelapangan dan diberi-Nya rezeki yang tidak diduga-duga. Siapa yang bertawakkal kepada Allah, niscaya dijamin-Nya, sesungguhnya Allah sangat tegas dalam perintah-Nya dan Dialah yang mentakdirkan segala sesuatu.\n\nInilah kekuatan tak terhingga yang dimiliki jiwa dalam pengalaman kehadiran meliputi semua pengetahuan terbaik dan ditata menjadi kebermanfaatan. Inilah visi manusia dilahirkan di alam semesta untuk menata dan tentunya ada rahasia mulia dalam Diri manusia untuk memuliakan peradaban kemanusiaan. Selamat menikmati buku enjinerring dengan liputan pengetahuan kesadaran yang sudah waktunya untuk dimulai dikenali, dipahami, digali dan diaktualkan dalam kehidupan yang luas. ",,,taxable,,1,,,0,0,,,,,1,,185.000,200.000,Umum,,,"https://penaameen.com/wp-content/uploads/2023/04/Untitled-design-1-1.png, https://penaameen.com/wp-content/uploads/2023/04/Untitled-design-1-1.png",,,,,,,,,0
895,simple,,"Model Pengaturan Layanan Publik Berbasis Zona Integritas dan Standar Internasional",1,0,visible,,"Penulis : (1) Khoirul Hidayah (2) Muhammad In’am Esha (3) Shofil Fikri\nISBN : Dalam proses pengajuan ISBN\nUkuran Buku : 16cm x 23 cm\nTebal Buku : 96 Halaman\n\n\nSinopsis\nBuku ini berjudul Model Pengaturan Layanan Publik Berbasis Zona Integritas dan Standar Internasional.  Buku ini menyajikan  hasil kajian yang menjadikan salah satu Perguruan Tinggi Keagamaan Islam Negeri (PTKIN) di Kota Malang sebagai lokusnya. \nPenulisan buku ini diawali dengan proses yang panjang dengan pendekatan riset yang mendalam. Melalui buku ini Pembaca Budiman dapat mengidentifikasi jenis layanan delivery services yang ada di lokus penelitian berdasarkan Struktur Organisasi dan Tata Kerja dan potret pengaturan standar layanan publik untuk delivery services. Perspektif yang digunakan dalam penyusunan buku ini adalah berdasarkan Konsep Zona Integritas menurut Permenpan RB No. 10 Tahun 2019 dan ISO 37001: 2016. Hal inilah yang menjadi kekuatan buku ini. Terutama bagi pembaca yang ingin mendalami proses layanan pendidikan dengan dua perspektif tersebut. \nBuku ini mendeskripsikan bahwa layanan secara struktural perguruan tinggi yang menjadi lokus dibagi menjadi 4 (empat) yaitu layanan bidang akademik, layanan bidang administrasi umum, perencanaan, dan keuangan, layanan bidang kemahasiswaan, layanan bidang kerja sama dan pengembangan lembaga, layanan bidang administrasi umum, perencanaan, dan keuangan.  Hal itu berdasarkan Organisasi dan Tata Kelola dan Statuta sebagaimana diatur dalam Peraturan Menteri Agama (PMA). \nBuku ini terdiri atas empat bab yaitu pendahuluan, layanan berbasis ZI dan ISO, Potret Delivery Service di UIN Maliki Malang, dan penutup.  Pendahuluan menyajikan tentang tentang  konteks,  kekhasan buku,  dan  senarai proses penulisan. Layanan Berbasis ZI dan ISO menyajikan uraian tentang  Konsep Layanan Berbasis Zona Integritas, Ruang Lingkup Pedoman Standar Pelayanan, Peningkatan Kualitas Pelayanan Publik, Sistem Manajemen Anti Penyuapan (ISO: 37001: 2016), Teori Kepastian Hukum Rudolf Stammler, dan Teori Hans Kelsen. Sebelum ditutup dengan kesimpulan dan saran, pembaca dalam mencermati sajian tentang Peta Identifikasi Jenis Layanan Delivery Service dan Model Pengaturan Standar Layanan Publik.",,,taxable,,1,,,0,0,,,,,1,,,100000,Universitas,,,https://penaameen.com/wp-content/uploads/2023/05/Minimalist-Free-Guide-Lead-Magnet-Mockup-Instagram-Post.png,,,,,,,,,0
900,simple,,"Book Chapter “Transforming the Values of Education and Religion toward a Civilized Society (integrating religious and social values)”",1,0,visible,,"ISBN: In the ISBN application process\nBook Size: 15.5 cm x 23 cm\nBook thickness: 599 pages\n\n	This book chapter describes the journey towards a more civilized society through the transformation of Islamic religious values. This book contains writings that seek and inspire in harmonizing Islamic values into social life such as in the fields of education, family law, economics and culture.\n\n	In the field of education there are several writings on how to teach language to students with a very humanist but very effective method. In the field of economics, how Islamic values can be applied to the realm of finance such as banking and taxation. While in the field of family law writing revolves around the application of legal rules into real life with harmonization of Islamic values.\n\n	The benefit of this paper is to form a more modern, tolerant, and cultured society. In each writing, the reader will be invited to understand how important harmonization between Islamic values instilled in social life to achieve a better society without confrontation with daily life or existing positive laws. \n\n	Finally, by reading this book can be known the important role of education and religion in building the foundation of a plural society side by side with peace and harmony.",,,taxable,,1,,,0,0,,,,,1,,,,Uncategorized,,,https://penaameen.com/wp-content/uploads/2023/11/COVER-IC-ISLEH-web.jpg,,,,,,,,,0
